USE QLDangKyHP;

-- ============================================================
-- 1. KHOA
-- ============================================================
INSERT INTO Khoa VALUES
('CNTT',   'Công nghệ Thông tin',              'Tòa A - Tầng 3', '028.3512.xxxx'),
('KTDT',   'Kỹ thuật Điện tử',                 'Tòa B - Tầng 2', '028.3512.xxxx'),
('QTKD',   'Quản trị Kinh doanh',              'Tòa C - Tầng 1', '028.3512.xxxx'),
('GDTC',   'Giáo dục Thể chất',                'Khu thể thao',   NULL),
('GDQP',   'Giáo dục Quốc phòng',              'Tòa D - Tầng 1', NULL),
('LLCT',   'Lý luận Chính trị',                'Tòa E - Tầng 2', NULL);

-- ============================================================
-- 2. NGANH
-- ============================================================
INSERT INTO Nganh VALUES
('CNTT01', 'Công nghệ Thông tin',              'CNTT', 120),
('CNTT02', 'Kỹ thuật Phần mềm',               'CNTT', 120),
('KTDT01', 'Kỹ thuật Điện tử Viễn thông',     'KTDT', 125);

-- ============================================================
-- 3. HOC PHAN (từ chương trình khung UTH)
-- ============================================================
INSERT INTO HocPhan (MaHP, TenHP, SoTinChi, CoTinhGPA, MaKhoa) VALUES
('104005004', 'Pháp luật đại cương', 2, 1, 'LLCT'),
('104005105', 'Triết học Mác - Lênin', 3, 1, 'LLCT'),
('104007201', 'Đường lối quốc phòng và an ninh của đảng cộng sản VN', 3, 0, 'GDQP'),
('104007202', 'Công tác quốc phòng và an ninh', 2, 0, 'GDQP'),
('104007203', 'Quân sự chung', 1, 0, 'GDQP'),
('104007204', 'Kỹ thuật chiến đấu bộ binh và chiến thuật', 2, 0, 'GDQP'),
('104122042', 'Nhập môn ngành Công nghệ thông tin', 3, 1, 'CNTT'),
('104124101', 'Kỹ thuật lập trình', 4, 1, 'CNTT'),
('104001202', 'Giải tích 1', 3, 1, 'CNTT'),
('104001213', 'Đại số', 3, 1, 'CNTT'),
('104080101', 'Phương pháp nghiên cứu', 3, 1, 'QTKD'),
('104080102', 'Quản trị học', 3, 1, 'QTKD'),
('104005106', 'Kinh tế chính trị Mác - Lênin', 2, 1, 'LLCT'),
('104121000', 'Cơ sở dữ liệu', 3, 1, 'CNTT'),
('104122003', 'Lập trình hướng đối tượng', 3, 1, 'CNTT'),
('104122044', 'Cấu trúc rời rạc', 4, 1, 'CNTT'),
('104004116', 'Bơi 1', 2, 0, 'GDTC'),
('104004120', 'Bóng đá', 2, 0, 'GDTC'),
('104004125', 'Thể dục thể hình căn bản - Fitness 1', 2, 0, 'GDTC'),
('104004126', 'Thể dục thể hình nâng cao - Fitness 2', 2, 0, 'GDTC'),
('104001215', 'Xác suất thống kê và xử lý số liệu thực nghiệm', 3, 1, 'CNTT'),
('104005107', 'Chủ nghĩa xã hội khoa học', 2, 1, 'LLCT'),
('104124002', 'Cấu trúc dữ liệu và giải thuật', 3, 1, 'CNTT'),
('104121008', 'Phân tích thiết kế hệ thống', 3, 1, 'CNTT'),
('104122105', 'Công nghệ phần mềm', 3, 1, 'CNTT'),
('104123002', 'Mạng máy tính', 3, 1, 'CNTT'),
('104124003', 'Phân tích thiết kế giải thuật', 3, 1, 'CNTT'),
('104125000', 'Kiến trúc máy tính', 3, 1, 'CNTT'),
('104123033', 'An toàn thông tin', 3, 1, 'CNTT'),
('104125001', 'Hệ điều hành', 3, 1, 'CNTT'),
('104080103', 'Tư duy thiết kế và đổi mới sáng tạo', 3, 1, 'QTKD'),
('104121003', 'Hệ quản trị cơ sở dữ liệu', 3, 1, 'CNTT'),
('104121031', 'Lập trình Web', 3, 1, 'CNTT'),
('104122136', 'Lập trình Java', 3, 1, 'CNTT'),
('104123043', 'Thiết kế mạng', 3, 1, 'CNTT'),
('104123044', 'Mạng máy tính nâng cao', 3, 1, 'CNTT'),
('104124006', 'Thương mại điện tử', 3, 1, 'CNTT'),
('104124105', 'Luật Công nghệ thông tin', 3, 1, 'CNTT'),
('104124111', 'Internet vạn vật (IoT)', 3, 1, 'CNTT'),
('104125103', 'Kỹ thuật truyền số liệu', 3, 1, 'CNTT'),
('104151010', 'Kinh tế tuần hoàn và phát triển bền vững', 3, 1, 'CNTT'),
('104005102', 'Tư tưởng Hồ Chí Minh', 2, 1, 'LLCT'),
('104121002', 'Thiết kế cơ sở dữ liệu', 3, 1, 'CNTT'),
('104121137', 'Quản trị doanh nghiệp CNTT', 3, 1, 'CNTT'),
('104122038', 'Chuyên đề Hệ thống giao thông thông minh', 3, 1, 'CNTT'),
('104123013', 'Lập trình mạng', 3, 1, 'CNTT'),
('104121034', 'Lập trình thiết bị di động', 3, 1, 'CNTT'),
('104122010', 'XD phần mềm hướng đối tượng', 3, 1, 'CNTT'),
('104122039', 'Đồ án thực tế công nghệ phần mềm', 3, 1, 'CNTT'),
('104123005', 'Quản trị mạng', 3, 1, 'CNTT'),
('104123015', 'Quản trị dự án CNTT', 3, 1, 'CNTT'),
('104123038', 'An ninh mạng', 3, 1, 'CNTT'),
('104005108', 'Lịch sử Đảng cộng sản Việt Nam', 2, 1, 'LLCT'),
('104080104', 'Trí tuệ nhân tạo và ứng dụng', 3, 1, 'QTKD'),
('104121033', 'Trí tuệ nhân tạo', 3, 1, 'CNTT'),
('104121036', 'Xử lý ảnh và thị giác máy tính', 3, 1, 'CNTT'),
('104122040', 'Kiểm chứng phần mềm', 3, 1, 'CNTT'),
('104122041', 'Khai thác dữ liệu', 3, 1, 'CNTT'),
('104123039', 'Điện toán đám mây', 3, 1, 'CNTT'),
('104124008', 'Công nghệ phần mềm nhúng', 3, 1, 'CNTT'),
('104122045', 'Chuyên đề - Phát triển hệ thống thông minh', 4, 1, 'CNTT'),
('104123046', 'Chuyên đề - Hệ thống mạng và bảo mật', 4, 1, 'CNTT'),
('104124014', 'Chuyên đề - Các giải thuật tối ưu', 4, 1, 'CNTT'),
('104126100', 'Thực tập tốt nghiệp', 4, 1, 'CNTT'),
('104126201', 'Khóa luận tốt nghiệp', 8, 1, 'CNTT'),
('104126202', 'Học kỳ doanh nghiệp', 12, 1, 'CNTT');

-- ============================================================
-- 4. DIEU KIEN HOC PHAN
-- ============================================================
INSERT INTO DieuKienHP (MaHP, MaHPTruoc, LoaiDK) VALUES
('104005106', '104005105', 'a'),
('104122003', '104124101', 'a'),
('104122044', '104124101', 'a'),
('104005107', '104005105', 'a'),
('104124002', '104124101', 'a'),
('104121008', '104121000', 'a'),
('104124003', '104124002', 'a'),
('104125001', '104125000', 'a'),
('104121003', '104121000', 'a'),
('104121031', '104121000', 'a'),
('104121031', '104124101', 'a'),
('104122136', '104122003', 'a'),
('104122136', '104124101', 'a'),
('104123043', '104123002', 'a'),
('104124111', '104124101', 'a'),
('104125103', '104123002', 'a'),
('104005102', '104005105', 'a'),
('104121002', '104121000', 'a'),
('104121002', '104122044', 'a'),
('104121002', '104124101', 'a'),
('104122038', '104124101', 'a'),
('104123013', '104124101', 'a'),
('104123013', '104123002', 'a'),
('104121034', '104121000', 'a'),
('104121034', '104124101', 'a'),
('104121034', '104122003', 'a'),
('104122010', '104122003', 'a'),
('104122010', '104122105', 'a'),
('104122039', '104124101', 'a'),
('104122039', '104122105', 'a'),
('104123005', '104123002', 'a'),
('104123015', '104122105', 'a'),
('104123038', '104123002', 'a'),
('104005108', '104005102', 'a'),
('104121033', '104124002', 'a'),
('104121036', '104124002', 'a'),
('104122040', '104122105', 'a'),
('104122041', '104124101', 'a'),
('104123039', '104123002', 'a'),
('104124008', '104124101', 'a'),
('104124008', '104125000', 'a'),
('104122045', '104122038', 'a'),
('104122045', '104123013', 'a'),
('104122045', '104005108', 'a'),
('104123046', '104122038', 'a'),
('104123046', '104123013', 'a'),
('104123046', '104005108', 'a'),
('104124014', '104005108', 'a'),
('104124014', '104123013', 'a'),
('104124014', '104122038', 'a'),
('104126100', '104121008', 'a'),
('104126100', '104122105', 'a'),
('104126100', '104123013', 'a'),
('104126100', '104124003', 'a'),
('104126201', '104005108', 'a'),
('104126201', '104123013', 'a'),
('104126201', '104122038', 'a'),
('104126202', '104122038', 'a'),
('104126202', '104123013', 'a'),
('104126202', '104005108', 'a');

-- ============================================================
-- 5. CHUONG TRINH KHUNG - Ngành CNTT01
-- ============================================================
INSERT INTO ChuongTrinhKhung (MaNganh, MaHP, HocKyDeNghi, LoaiHP) VALUES
('CNTT01', '104005004', 1, 'BB'),
('CNTT01', '104005105', 1, 'BB'),
('CNTT01', '104007201', 1, 'BB'),
('CNTT01', '104007202', 1, 'BB'),
('CNTT01', '104007203', 1, 'BB'),
('CNTT01', '104007204', 1, 'BB'),
('CNTT01', '104122042', 1, 'BB'),
('CNTT01', '104124101', 1, 'BB'),
('CNTT01', '104001202', 1, 'TC'),
('CNTT01', '104001213', 1, 'TC'),
('CNTT01', '104080101', 1, 'TC'),
('CNTT01', '104080102', 1, 'TC'),
('CNTT01', '104005106', 2, 'BB'),
('CNTT01', '104121000', 2, 'BB'),
('CNTT01', '104122003', 2, 'BB'),
('CNTT01', '104122044', 2, 'BB'),
('CNTT01', '104004116', 2, 'TC'),
('CNTT01', '104004120', 2, 'TC'),
('CNTT01', '104004125', 2, 'TC'),
('CNTT01', '104004126', 2, 'TC'),
('CNTT01', '104001215', 3, 'BB'),
('CNTT01', '104005107', 3, 'BB'),
('CNTT01', '104124002', 3, 'BB'),
('CNTT01', '104121008', 4, 'BB'),
('CNTT01', '104122105', 4, 'BB'),
('CNTT01', '104123002', 4, 'BB'),
('CNTT01', '104124003', 4, 'BB'),
('CNTT01', '104125000', 4, 'BB'),
('CNTT01', '104123033', 5, 'BB'),
('CNTT01', '104125001', 5, 'BB'),
('CNTT01', '104080103', 5, 'TC'),
('CNTT01', '104121003', 5, 'TC'),
('CNTT01', '104121031', 5, 'TC'),
('CNTT01', '104122136', 5, 'TC'),
('CNTT01', '104123043', 5, 'TC'),
('CNTT01', '104123044', 5, 'TC'),
('CNTT01', '104124006', 5, 'TC'),
('CNTT01', '104124105', 5, 'TC'),
('CNTT01', '104124111', 5, 'TC'),
('CNTT01', '104125103', 5, 'TC'),
('CNTT01', '104151010', 5, 'TC'),
('CNTT01', '104005102', 6, 'BB'),
('CNTT01', '104121002', 6, 'BB'),
('CNTT01', '104121137', 6, 'BB'),
('CNTT01', '104122038', 7, 'BB'),
('CNTT01', '104123013', 7, 'BB'),
('CNTT01', '104121034', 7, 'TC'),
('CNTT01', '104122010', 7, 'TC'),
('CNTT01', '104122039', 7, 'TC'),
('CNTT01', '104123005', 7, 'TC'),
('CNTT01', '104123015', 7, 'TC'),
('CNTT01', '104123038', 7, 'TC'),
('CNTT01', '104005108', 8, 'BB'),
('CNTT01', '104080104', 8, 'TC'),
('CNTT01', '104121033', 8, 'TC'),
('CNTT01', '104121036', 8, 'TC'),
('CNTT01', '104122040', 8, 'TC'),
('CNTT01', '104122041', 8, 'TC'),
('CNTT01', '104123039', 8, 'TC'),
('CNTT01', '104124008', 8, 'TC'),
('CNTT01', '104122045', 9, 'TC'),
('CNTT01', '104123046', 9, 'TC'),
('CNTT01', '104124014', 9, 'TC'),
('CNTT01', '104126100', 9, 'TC'),
('CNTT01', '104126201', 9, 'TC'),
('CNTT01', '104126202', 9, 'TC');

-- ============================================================
-- 6. HOC KY (3 học kỳ chính + 1 hè)
-- ============================================================
INSERT INTO HocKy VALUES
('HK1_2324', 'Học kỳ 1 - 2023-2024', '2023-2024', 1,
 '2023-08-01','2023-08-15','2023-09-01','2024-01-15', 'Kết thúc'),
('HK2_2324', 'Học kỳ 2 - 2023-2024', '2023-2024', 2,
 '2024-01-01','2024-01-20','2024-02-01','2024-06-15', 'Kết thúc'),
('HK3_2324', 'Học kỳ hè - 2023-2024','2023-2024', 3,
 '2024-06-01','2024-06-10','2024-06-15','2024-08-15', 'Kết thúc'),
('HK1_2425', 'Học kỳ 1 - 2024-2025', '2024-2025', 1,
 '2024-08-01','2024-08-20','2024-09-02','2025-01-15', 'Kết thúc'),
('HK2_2425', 'Học kỳ 2 - 2024-2025', '2024-2025', 2,
 '2025-01-05','2025-01-25','2025-02-03','2025-06-15', 'Đang học'),
('HK1_2526', 'Học kỳ 1 - 2025-2026', '2025-2026', 1,
 '2025-08-01','2025-08-20','2025-09-01','2026-01-15', 'Đang mở đăng ký');

-- ============================================================
-- 7. GIANG VIEN (10 giảng viên)
-- ============================================================
INSERT INTO GiangVien (MaGV, HoTen, GioiTinh, NgaySinh, Email, SoDienThoai, HocVi, MaKhoa) VALUES
('GV000001', 'Nguyễn Văn An',     'Nam', '1975-03-15', 'nguyenvanan@uth.edu.vn',   '0901111111', 'TS',  'CNTT'),
('GV000002', 'Trần Thị Bích',     'Nữ',  '1980-07-22', 'tranthibich@uth.edu.vn',   '0902222222', 'ThS', 'CNTT'),
('GV000003', 'Lê Hoàng Cường',    'Nam', '1978-11-05', 'lehoangcuong@uth.edu.vn',  '0903333333', 'TS',  'CNTT'),
('GV000004', 'Phạm Thị Dung',     'Nữ',  '1985-04-18', 'phamthidung@uth.edu.vn',   '0904444444', 'ThS', 'CNTT'),
('GV000005', 'Hoàng Văn Em',      'Nam', '1972-09-30', 'hoangvanem@uth.edu.vn',    '0905555555', 'GS',  'CNTT'),
('GV000006', 'Vũ Thị Phương',     'Nữ',  '1983-02-14', 'vuthiphuong@uth.edu.vn',   '0906666666', 'TS',  'CNTT'),
('GV000007', 'Đặng Minh Quân',    'Nam', '1979-06-25', 'dangminhquan@uth.edu.vn',  '0907777777', 'ThS', 'CNTT'),
('GV000008', 'Bùi Thị Hoa',       'Nữ',  '1987-12-08', 'buithihoa@uth.edu.vn',     '0908888888', 'ThS', 'LLCT'),
('GV000009', 'Ngô Văn Khánh',     'Nam', '1976-08-20', 'ngovankhanh@uth.edu.vn',   '0909999999', 'TS',  'CNTT'),
('GV000010', 'Lý Thị Lan',        'Nữ',  '1982-05-11', 'lythilan@uth.edu.vn',      '0910000000', 'ThS', 'QTKD');

-- ============================================================
-- 8. SINH VIEN (25 sinh viên - 2 khóa)
-- ============================================================
INSERT INTO SinhVien (MaSV, HoTen, NgaySinh, GioiTinh, Email, SoDienThoai, MaNganh, NamNhapHoc) VALUES
('2254010001', 'Nguyễn Thị Anh', '2004-01-15', 'Nữ', 'sv001@uth.edu.vn', '0911000001', 'CNTT01', 2022),
('2254010002', 'Trần Văn Bình', '2004-03-22', 'Nam', 'sv002@uth.edu.vn', '0911000002', 'CNTT01', 2022),
('2254010003', 'Lê Thị Chi', '2004-05-10', 'Nữ', 'sv003@uth.edu.vn', '0911000003', 'CNTT01', 2022),
('2254010004', 'Phạm Văn Dũng', '2003-07-18', 'Nam', 'sv004@uth.edu.vn', '0911000004', 'CNTT01', 2022),
('2254010005', 'Hoàng Thị Ê', '2004-09-05', 'Nữ', 'sv005@uth.edu.vn', '0911000005', 'CNTT01', 2022),
('2254010006', 'Vũ Văn Phúc', '2004-11-28', 'Nam', 'sv006@uth.edu.vn', '0911000006', 'CNTT01', 2022),
('2254010007', 'Đặng Thị Giang', '2003-02-14', 'Nữ', 'sv007@uth.edu.vn', '0911000007', 'CNTT01', 2022),
('2254010008', 'Bùi Văn Hùng', '2004-04-30', 'Nam', 'sv008@uth.edu.vn', '0911000008', 'CNTT01', 2022),
('2254010009', 'Ngô Thị Hằng', '2004-06-12', 'Nữ', 'sv009@uth.edu.vn', '0911000009', 'CNTT01', 2022),
('2254010010', 'Lý Văn Khánh', '2003-08-25', 'Nam', 'sv010@uth.edu.vn', '0911000010', 'CNTT01', 2022),
('2254010011', 'Dương Thị Linh', '2004-10-17', 'Nữ', 'sv011@uth.edu.vn', '0911000011', 'CNTT01', 2022),
('2254010012', 'Phan Văn Minh', '2003-12-03', 'Nam', 'sv012@uth.edu.vn', '0911000012', 'CNTT01', 2022),
('2254010013', 'Trịnh Thị Nga', '2004-02-20', 'Nữ', 'sv013@uth.edu.vn', '0911000013', 'CNTT01', 2022),
('2354010001', 'Cao Văn Oanh', '2005-01-08', 'Nam', 'sv014@uth.edu.vn', '0911000014', 'CNTT01', 2023),
('2354010002', 'Đinh Thị Phương', '2005-03-15', 'Nữ', 'sv015@uth.edu.vn', '0911000015', 'CNTT01', 2023),
('2354010003', 'Giang Văn Quý', '2005-05-22', 'Nam', 'sv016@uth.edu.vn', '0911000016', 'CNTT01', 2023),
('2354010004', 'Hà Thị Ry', '2005-07-10', 'Nữ', 'sv017@uth.edu.vn', '0911000017', 'CNTT01', 2023),
('2354010005', 'Kiều Văn Sơn', '2005-09-18', 'Nam', 'sv018@uth.edu.vn', '0911000018', 'CNTT01', 2023),
('2354010006', 'Lâm Thị Thảo', '2005-11-05', 'Nữ', 'sv019@uth.edu.vn', '0911000019', 'CNTT01', 2023),
('2354010007', 'Mai Văn Toàn', '2004-02-28', 'Nam', 'sv020@uth.edu.vn', '0911000020', 'CNTT01', 2023),
('2354010008', 'Nguyễn Thị Uyên', '2005-04-16', 'Nữ', 'sv021@uth.edu.vn', '0911000021', 'CNTT01', 2023),
('2354010009', 'Phan Văn Vinh', '2005-06-24', 'Nam', 'sv022@uth.edu.vn', '0911000022', 'CNTT01', 2023),
('2354010010', 'Quách Thị Xuân', '2005-08-12', 'Nữ', 'sv023@uth.edu.vn', '0911000023', 'CNTT01', 2023),
('2354010011', 'Rạng Văn Yên', '2005-10-30', 'Nam', 'sv024@uth.edu.vn', '0911000024', 'CNTT01', 2023),
('2354010012', 'Sầm Thị Ly', '2005-12-18', 'Nữ', 'sv025@uth.edu.vn', '0911000025', 'CNTT01', 2023);

-- ============================================================
-- 9. TAI KHOAN (password mặc định: UTH@12345 - đã hash sha256)
-- ============================================================

INSERT INTO TaiKhoan (TenDangNhap, MatKhau, VaiTro, MaSV, MaGV) VALUES
('admin',      'hashed_UTH@admin', 'Admin',      NULL,         NULL),
('gv001',      'hashed_UTH@12345', 'GiangVien',  NULL,         'GV000001'),
('gv002',      'hashed_UTH@12345', 'GiangVien',  NULL,         'GV000002'),
('gv003',      'hashed_UTH@12345', 'GiangVien',  NULL,         'GV000003');

-- Tài khoản sinh viên: dùng CONCAT() chuẩn MySQL để tạo mật khẩu mặc định
INSERT INTO TaiKhoan (TenDangNhap, MatKhau, VaiTro, MaSV)
SELECT MaSV, CONCAT('hashed_UTH@', MaSV), 'SinhVien', MaSV FROM SinhVien;

-- ============================================================
-- 10. LOP HOC PHAN
--     Mở các lớp cho HK2_2425 (đang học) và HK1_2526 (mở đăng ký)
-- ============================================================
INSERT INTO LopHocPhan
    (MaLHP, MaHP, MaGV, MaHocKy, PhongHoc, ThuHoc, TietBatDau, SoTiet, SiSoToiDa, SiSoHienTai) VALUES
-- HK2_2425: Các môn HK2 (khóa 2023 đang học)
('LHP_121000_01','104121000','GV000001','HK2_2425','A301',2,1,3,40,12),
('LHP_122003_01','104122003','GV000002','HK2_2425','A302',3,4,3,40,13),
('LHP_122044_01','104122044','GV000003','HK2_2425','A303',4,7,4,35,13),
('LHP_005106_01','104005106','GV000008','HK2_2425','B101',5,1,2,50,12),
('LHP_004116_01','104004116','GV000004','HK2_2425','TDTT',6,1,2,30, 8),
('LHP_004120_01','104004120','GV000004','HK2_2425','TDTT',6,3,2,30, 8),
-- HK2_2425: Môn HK5 (khóa 2022 đang học năm 3)
('LHP_123033_01','104123033','GV000006','HK2_2425','A401',2,4,3,40,13),
('LHP_125001_01','104125001','GV000005','HK2_2425','A402',3,7,3,40,13),
('LHP_121003_01','104121003','GV000001','HK2_2425','A403',4,1,3,35,10),
('LHP_121031_01','104121031','GV000009','HK2_2425','A301',5,4,3,35, 8),
('LHP_122136_01','104122136','GV000002','HK2_2425','A302',6,7,3,35, 8),
-- HK1_2526: Mở đăng ký
('LHP_001215_01','104001215','GV000003','HK1_2526','A201',2,1,3,45, 0),
('LHP_005107_01','104005107','GV000008','HK1_2526','B201',3,4,2,50, 0),
('LHP_124002_01','104124002','GV000007','HK1_2526','A202',4,7,3,40, 0),
('LHP_121008_01','104121008','GV000001','HK1_2526','A203',2,4,3,40, 0),
('LHP_122105_01','104122105','GV000002','HK1_2526','A301',3,1,3,40, 0),
('LHP_123002_01','104123002','GV000006','HK1_2526','A302',5,7,3,40, 0),
('LHP_124003_01','104124003','GV000007','HK1_2526','A303',6,1,3,35, 0),
('LHP_125000_01','104125000','GV000005','HK1_2526','A401',4,1,3,40, 0);

-- ============================================================
-- 11. DANG KY HOC PHAN
--     Khóa 2023 đăng ký các môn HK2
--     Khóa 2022 đăng ký các môn HK5
-- ============================================================
INSERT INTO DangKyHocPhan (MaSV, MaLHP, TrangThai) VALUES
-- Khóa 2023 (năm 2) - đăng ký môn HK2
('2354010001','LHP_121000_01','Đã đăng ký'),
('2354010001','LHP_122003_01','Đã đăng ký'),
('2354010001','LHP_122044_01','Đã đăng ký'),
('2354010001','LHP_005106_01','Đã đăng ký'),
('2354010002','LHP_121000_01','Đã đăng ký'),
('2354010002','LHP_122003_01','Đã đăng ký'),
('2354010002','LHP_122044_01','Đã đăng ký'),
('2354010002','LHP_005106_01','Đã đăng ký'),
('2354010003','LHP_121000_01','Đã đăng ký'),
('2354010003','LHP_122003_01','Đã đăng ký'),
('2354010003','LHP_122044_01','Đã đăng ký'),
('2354010003','LHP_004116_01','Đã đăng ký'),
('2354010004','LHP_121000_01','Đã đăng ký'),
('2354010004','LHP_122044_01','Đã đăng ký'),
('2354010004','LHP_005106_01','Đã đăng ký'),
('2354010005','LHP_121000_01','Đã đăng ký'),
('2354010005','LHP_122003_01','Đã đăng ký'),
('2354010005','LHP_122044_01','Đã đăng ký'),
('2354010005','LHP_005106_01','Đã đăng ký'),
('2354010006','LHP_121000_01','Đã đăng ký'),
('2354010006','LHP_122003_01','Đã đăng ký'),
('2354010006','LHP_004120_01','Đã đăng ký'),
('2354010007','LHP_121000_01','Đã đăng ký'),
('2354010007','LHP_122003_01','Đã đăng ký'),
('2354010007','LHP_122044_01','Đã đăng ký'),
('2354010008','LHP_121000_01','Đã đăng ký'),
('2354010008','LHP_005106_01','Đã đăng ký'),
-- Khóa 2022 (năm 3) - đăng ký môn HK5
('2254010001','LHP_123033_01','Đã đăng ký'),
('2254010001','LHP_125001_01','Đã đăng ký'),
('2254010001','LHP_121003_01','Đã đăng ký'),
('2254010001','LHP_121031_01','Đã đăng ký'),
('2254010002','LHP_123033_01','Đã đăng ký'),
('2254010002','LHP_125001_01','Đã đăng ký'),
('2254010002','LHP_121003_01','Đã đăng ký'),
('2254010002','LHP_122136_01','Đã đăng ký'),
('2254010003','LHP_123033_01','Đã đăng ký'),
('2254010003','LHP_125001_01','Đã đăng ký'),
('2254010003','LHP_121031_01','Đã đăng ký'),
('2254010003','LHP_122136_01','Đã đăng ký'),
('2254010004','LHP_123033_01','Đã đăng ký'),
('2254010004','LHP_125001_01','Đã đăng ký'),
('2254010004','LHP_121003_01','Đã đăng ký'),
('2254010005','LHP_123033_01','Đã đăng ký'),
('2254010005','LHP_125001_01','Đã đăng ký'),
('2254010005','LHP_122136_01','Đã đăng ký'),
('2254010006','LHP_123033_01','Đã đăng ký'),
('2254010006','LHP_121003_01','Đã đăng ký'),
('2254010006','LHP_121031_01','Đã đăng ký'),
('2254010007','LHP_123033_01','Đã đăng ký'),
('2254010007','LHP_125001_01','Đã đăng ký'),
('2254010007','LHP_121003_01','Đã đăng ký'),
('2254010008','LHP_123033_01','Đã đăng ký'),
('2254010008','LHP_125001_01','Đã đăng ký'),
('2254010008','LHP_122136_01','Đã đăng ký');

-- ============================================================
-- 12. DIEM (nhập điểm cho HK1_2425 - đã kết thúc)
--     Tạo thêm dữ liệu lịch sử cho một số SV khóa 2022
-- ============================================================
-- Trước tiên tạo đăng ký cũ (HK1_2425 - đã hoàn thành)
INSERT INTO LopHocPhan
    (MaLHP, MaHP, MaGV, MaHocKy, PhongHoc, ThuHoc, TietBatDau, SoTiet, SiSoToiDa, SiSoHienTai, TrangThai) VALUES
('LHP_123033_00','104123033','GV000006','HK1_2425','A401',2,4,3,40,8, 'Đã đóng'),
('LHP_125001_00','104125001','GV000005','HK1_2425','A402',3,7,3,40,8, 'Đã đóng'),
('LHP_121000_00','104121000','GV000001','HK1_2425','A301',4,1,3,40,5, 'Đã đóng');

INSERT INTO DangKyHocPhan (MaSV, MaLHP, TrangThai) VALUES
('2254010001','LHP_123033_00','Hoàn thành'),('2254010002','LHP_123033_00','Hoàn thành'),
('2254010003','LHP_123033_00','Hoàn thành'),('2254010004','LHP_123033_00','Hoàn thành'),
('2254010005','LHP_125001_00','Hoàn thành'),('2254010006','LHP_125001_00','Hoàn thành'),
('2254010007','LHP_125001_00','Hoàn thành'),('2254010008','LHP_125001_00','Hoàn thành'),
('2354010001','LHP_121000_00','Hoàn thành'),('2354010002','LHP_121000_00','Hoàn thành'),
('2354010003','LHP_121000_00','Hoàn thành'),('2354010004','LHP_121000_00','Hoàn thành'),
('2354010005','LHP_121000_00','Hoàn thành');

-- Nhập điểm cho các đăng ký đã hoàn thành
INSERT INTO Diem (MaDK, DiemQT, DiemThi)
SELECT dk.MaDK,
       CASE dk.MaSV
           WHEN '2254010001' THEN 8.5  WHEN '2254010002' THEN 7.0
           WHEN '2254010003' THEN 9.0  WHEN '2254010004' THEN 6.5
           WHEN '2254010005' THEN 7.5  WHEN '2254010006' THEN 8.0
           WHEN '2254010007' THEN 5.5  WHEN '2254010008' THEN 9.5
           WHEN '2354010001' THEN 8.0  WHEN '2354010002' THEN 7.5
           WHEN '2354010003' THEN 9.0  WHEN '2354010004' THEN 6.0
           WHEN '2354010005' THEN 7.0  ELSE 7.0
       END AS DiemQT,
       CASE dk.MaSV
           WHEN '2254010001' THEN 7.5  WHEN '2254010002' THEN 6.5
           WHEN '2254010003' THEN 8.5  WHEN '2254010004' THEN 5.0
           WHEN '2254010005' THEN 7.0  WHEN '2254010006' THEN 8.5
           WHEN '2254010007' THEN 4.5  WHEN '2254010008' THEN 9.0
           WHEN '2354010001' THEN 7.0  WHEN '2354010002' THEN 8.0
           WHEN '2354010003' THEN 8.0  WHEN '2354010004' THEN 5.5
           WHEN '2354010005' THEN 6.5  ELSE 6.5
       END AS DiemThi
FROM DangKyHocPhan dk
WHERE dk.TrangThai = 'Hoàn thành';

-- ============================================================
-- KIỂM TRA DỮ LIỆU
-- ============================================================
SELECT 'Khoa'             AS Bang, COUNT(*) AS SoLuong FROM Khoa            UNION ALL
SELECT 'Ngành',                    COUNT(*) FROM Nganh                       UNION ALL
SELECT 'Học phần',                 COUNT(*) FROM HocPhan                     UNION ALL
SELECT 'Điều kiện HP',             COUNT(*) FROM DieuKienHP                  UNION ALL
SELECT 'CTK',                      COUNT(*) FROM ChuongTrinhKhung            UNION ALL
SELECT 'Học kỳ',                   COUNT(*) FROM HocKy                       UNION ALL
SELECT 'Giảng viên',               COUNT(*) FROM GiangVien                   UNION ALL
SELECT 'Sinh viên',                COUNT(*) FROM SinhVien                    UNION ALL
SELECT 'Tài khoản',                COUNT(*) FROM TaiKhoan                    UNION ALL
SELECT 'Lớp học phần',             COUNT(*) FROM LopHocPhan                  UNION ALL
SELECT 'Đăng ký HP',               COUNT(*) FROM DangKyHocPhan               UNION ALL
SELECT 'Điểm',                     COUNT(*) FROM Diem;